               epoch,      train/box_loss,      train/obj_loss,      train/cls_loss,   metrics/precision,      metrics/recall,     metrics/mAP_0.5,metrics/mAP_0.5:0.95,        val/box_loss,        val/obj_loss,        val/cls_loss,               x/lr0,               x/lr1,               x/lr2
                   0,            0.032192,            0.037568,           0.0058327,             0.80479,              0.5898,             0.67051,              0.4272,            0.027492,            0.036825,           0.0044497,             0.07001,           0.0033322,           0.0033322
                   1,             0.03176,            0.036026,           0.0051339,              0.7997,             0.59314,             0.67351,             0.42548,            0.027609,            0.036878,           0.0044502,            0.039977,           0.0066325,           0.0066325
                   2,             0.03213,            0.036721,           0.0054019,             0.78668,             0.57316,             0.65078,             0.40809,            0.028477,            0.038184,           0.0049698,           0.0099113,           0.0098999,           0.0098999
                   3,            0.032493,            0.037557,           0.0059149,             0.78672,             0.57043,             0.64755,             0.40671,            0.028475,            0.038236,            0.005037,           0.0098515,           0.0098515,           0.0098515
                   4,            0.032466,            0.037711,           0.0058944,             0.78956,             0.56928,             0.64813,             0.40515,            0.028412,            0.037948,           0.0049952,           0.0098515,           0.0098515,           0.0098515
                   5,            0.032351,            0.037698,           0.0058388,             0.79445,             0.56585,             0.64571,              0.4079,            0.028298,            0.037947,           0.0051101,            0.009802,            0.009802,            0.009802
                   6,            0.032223,            0.037371,            0.005796,             0.79553,              0.5731,             0.65318,             0.41253,            0.028062,            0.037684,            0.004899,           0.0097525,           0.0097525,           0.0097525
